hour	value
461172	48
461173	39
461174	41
461175	46
461176	46
461177	44
461178	47
461179	57
461180	62
461181	75
461182	94
461183	99
461184	106
461185	104
461186	107
461187	104
461188	107
461189	114
461190	101
461191	101
461192	94
461193	86
461194	71
461195	62
461196	52
461197	47
461198	49
461199	47
461200	51
461201	52
461202	57
461203	63
461204	68
461205	81
461206	102
461207	107
461208	111
461209	115
461210	116
461211	123
461212	121
461213	115
461214	114
461215	97
461216	96
461217	82
461218	65
461219	63
461220	57
461221	47
461222	49
461223	47
461224	50
461225	52
461226	51
461227	61
461228	75
461229	83
461230	100
461231	103
461232	108
461233	122
461234	113
461235	115
461236	108
461237	111
461238	103
461239	106
461240	96
461241	91
461242	67
461243	61
461244	52
461245	51
461246	49
461247	49
461248	47
461249	52
461250	50
461251	58
461252	68
461253	79
461254	100
461255	104
461256	115
461257	116
461258	112
461259	120
461260	120
461261	112
461262	106
461263	99
461264	89
461265	82
461266	66
461267	60
461268	54
461269	47
461270	46
461271	47
461272	46
461273	49
461274	53
461275	58
461276	69
461277	83
461278	101
461279	109
461280	113
461281	113
461282	110
461283	105
461284	109
461285	104
461286	106
461287	92
461288	89
461289	84
461290	63
461291	61
461292	51
461293	45
461294	44
461295	44
461296	45
461297	45
461298	47
461299	56
461300	70
461301	83
461302	91
461303	99
461304	113
461305	105
461306	104
461307	114
461308	110
461309	102
461310	102
461311	102
461312	85
461313	81
461314	69
461315	56
461316	54
461317	43
461318	48
461319	44
461320	46
461321	45
461322	54
461323	58
461324	67
461325	75
461326	97
461327	109
461328	109
461329	118
461330	117
461331	107
461332	104
461333	111
461334	110
461335	92
461336	92
461337	85
461338	67
461339	57
461340	50
461341	46
461342	44
461343	48
461344	46
461345	46
461346	50
461347	59
461348	70
461349	83
461350	96
461351	107
461352	115
461353	114
461354	117
461355	113
461356	116
461357	109
461358	107
461359	113
461360	101
461361	94
461362	76
461363	66
461364	61
461365	53
461366	51
461367	50
461368	51
461369	53
461370	60
461371	60
461372	78
461373	83
461374	110
461375	116
461376	114
461377	128
461378	131
461379	124
461380	129
461381	111
461382	119
461383	107
461384	107
461385	98
461386	75
461387	65
461388	56
461389	53
461390	48
461391	50
461392	50
461393	52
461394	54
461395	67
461396	76
461397	94
461398	101
461399	112
461400	113
461401	120
461402	133
461403	132
461404	128
461405	115
461406	114
461407	105
461408	101
461409	93
461410	75
461411	67
461412	63
461413	51
461414	48
461415	53
461416	49
461417	54
461418	57
461419	65
461420	75
461421	90
461422	105
461423	114
461424	117
461425	124
461426	121
461427	124
461428	120
461429	119
461430	110
461431	109
461432	96
461433	84
461434	69
461435	65
461436	61
461437	50
461438	48
461439	48
461440	49
461441	47
461442	55
461443	62
461444	71
461445	85
461446	108
461447	114
461448	115
461449	113
461450	117
461451	112
461452	119
461453	106
461454	113
461455	100
461456	97
461457	85
461458	72
461459	60
461460	57
461461	44
461462	50
461463	47
461464	46
461465	49
461466	49
461467	59
461468	72
461469	76
461470	95
461471	104
461472	115
461473	120
461474	114
461475	121
461476	112
461477	107
461478	103
461479	102
461480	93
461481	87
461482	72
461483	64
461484	54
461485	46
461486	49
461487	47
461488	50
461489	51
461490	55
461491	56
461492	68
461493	86
461494	95
461495	103
461496	114
461497	121
461498	116
461499	121
461500	117
461501	106
461502	107
461503	104
461504	101
461505	87
461506	65
461507	62
461508	56
461509	46
461510	47
461511	49
461512	47
461513	50
461514	54
461515	62
461516	74
461517	86
461518	102
461519	118
461520	126
461521	130
461522	120
461523	130
461524	127
461525	117
461526	120
461527	115
461528	109
461529	99
461530	80
461531	69
461532	65
461533	57
461534	51
461535	51
461536	53
461537	56
461538	62
461539	69
461540	83
461541	92
461542	112
461543	115
461544	125
461545	133
461546	132
461547	127
461548	128
461549	129
461550	114
461551	121
461552	113
461553	94
461554	76
461555	68
461556	65
461557	57
461558	54
461559	57
461560	56
461561	51
461562	57
461563	70
461564	80
461565	90
461566	117
461567	123
461568	126
461569	132
461570	133
461571	128
461572	127
461573	123
461574	129
461575	115
461576	110
461577	100
461578	82
461579	74
461580	61
461581	56
461582	54
461583	56
461584	52
461585	53
461586	56
461587	68
461588	76
461589	98
461590	112
461591	113
461592	128
461593	134
461594	138
461595	137
461596	121
461597	119
461598	123
461599	115
461600	103
461601	93
461602	80
461603	70
461604	62
461605	53
461606	51
461607	52
461608	52
461609	54
461610	57
461611	62
461612	73
461613	94
461614	103
461615	115
461616	114
461617	125
461618	119
461619	120
461620	125
461621	116
461622	111
461623	110
461624	99
461625	91
461626	69
461627	69
461628	54
461629	52
461630	51
461631	51
461632	51
461633	49
461634	54
461635	62
461636	78
461637	85
461638	106
461639	110
461640	115
461641	119
461642	117
461643	127
461644	115
461645	111
461646	108
461647	102
461648	102
461649	96
461650	76
461651	65
461652	59
461653	49
461654	53
461655	48
461656	52
461657	49
461658	59
461659	62
461660	76
461661	86
461662	110
461663	114
461664	126
461665	122
461666	123
461667	128
461668	118
461669	120
461670	117
461671	106
461672	99
461673	87
461674	72
461675	64
461676	60
461677	52
461678	53
461679	54
461680	50
461681	52
461682	61
461683	66
461684	79
461685	94
461686	117
461687	112
461688	117
461689	125
461690	127
461691	131
461692	127
461693	127
461694	125
461695	120
461696	106
461697	99
461698	78
461699	70
461700	63
461701	59
461702	55
461703	60
461704	58
461705	60
461706	65
461707	68
461708	81
461709	96
461710	127
461711	120
461712	128
461713	134
461714	133
461715	146
461716	133
461717	123
461718	121
461719	125
461720	115
461721	98
461722	81
461723	77
461724	66
461725	53
461726	54
461727	59
461728	58
461729	58
461730	65
461731	71
461732	78
461733	96
461734	116
461735	126
461736	124
461737	133
461738	135
461739	133
461740	134
461741	126
461742	122
461743	123
461744	105
461745	96
461746	79
461747	70
461748	63
461749	56
461750	57
461751	58
461752	56
461753	54
461754	63
461755	69
461756	81
461757	91
461758	113
461759	117
461760	126
461761	126
461762	130
461763	124
461764	138
461765	120
461766	116
461767	116
461768	110
461769	103
461770	83
461771	67
461772	64
461773	57
461774	53
461775	57
461776	52
461777	58
461778	57
461779	67
461780	82
461781	94
461782	118
461783	123
461784	126
461785	135
461786	134
461787	134
461788	128
461789	120
461790	121
461791	109
461792	109
461793	93
461794	77
461795	65
461796	60
461797	50
461798	51
461799	48
461800	49
461801	49
461802	57
461803	60
461804	74
461805	93
461806	101
461807	117
461808	120
461809	129
461810	131
461811	125
461812	128
461813	117
461814	115
461815	115
461816	101
461817	98
461818	78
461819	68
461820	63
461821	54
461822	48
461823	55
461824	52
461825	53
461826	55
461827	68
461828	78
461829	85
461830	107
461831	111
461832	123
461833	121
461834	125
461835	129
461836	127
461837	114
461838	110
461839	109
461840	109
461841	88
461842	79
461843	71
461844	60
461845	47
461846	47
461847	49
461848	49
461849	55
461850	56
461851	67
461852	80
461853	86
461854	110
461855	118
461856	127
461857	122
461858	130
461859	134
461860	125
461861	123
461862	121
461863	113
461864	114
461865	101
461866	75
461867	71
461868	59
461869	57
461870	54
461871	56
461872	57
461873	53
461874	57
461875	68
461876	82
461877	94
461878	108
461879	121
461880	122
461881	123
461882	134
461883	122
461884	121
461885	126
461886	112
461887	110
461888	101
461889	98
461890	71
461891	67
461892	63
461893	52
461894	54
461895	52
461896	50
461897	51
461898	59
461899	64
461900	77
461901	91
461902	110
461903	106
461904	113
461905	115
461906	128
461907	122
461908	112
461909	120
461910	118
461911	108
461912	92
461913	92
461914	67
461915	62
461916	53
461917	50
461918	49
461919	51
461920	51
461921	50
461922	54
461923	62
461924	70
461925	86
461926	102
461927	102
461928	112
461929	109
461930	107
461931	118
461932	111
461933	112
461934	106
461935	98
461936	96
461937	84
461938	69
461939	61
461940	54
461941	43
461942	47
461943	43
461944	45
461945	45
461946	50
461947	60
461948	72
461949	76
461950	92
461951	99
461952	105
461953	107
461954	109
461955	109
461956	111
461957	102
461958	107
461959	95
461960	97
461961	87
461962	65
461963	57
461964	57
461965	46
461966	47
461967	50
461968	48
461969	45
461970	53
461971	61
461972	66
461973	86
461974	101
461975	112
461976	118
461977	117
461978	121
461979	116
461980	113
461981	109
461982	113
461983	114
461984	101
461985	89
461986	76
461987	70
461988	62
461989	51
461990	49
461991	53
461992	54
461993	50
461994	58
461995	61
461996	77
461997	93
461998	113
461999	119
462000	125
462001	127
462002	121
462003	126
462004	117
462005	124
462006	117
462007	113
462008	101
462009	87
462010	76
462011	69
462012	55
462013	47
462014	53
462015	53
462016	53
462017	55
462018	57
462019	66
462020	73
462021	94
462022	108
462023	113
462024	128
462025	125
462026	136
462027	135
462028	137
462029	119
462030	128
462031	115
462032	111
462033	106
462034	80
462035	74
462036	64
462037	56
462038	59
462039	60
462040	56
462041	54
462042	62
462043	70
462044	86
462045	94
462046	123
462047	125
462048	135
462049	133
462050	136
462051	135
462052	131
462053	122
462054	134
462055	122
462056	113
462057	106
462058	80
462059	74
462060	67
462061	57
462062	54
462063	60
462064	60
462065	59
462066	59
462067	71
462068	83
462069	103
462070	116
462071	129
462072	126
462073	134
462074	141
462075	144
462076	127
462077	129
462078	132
462079	114
462080	113
462081	95
462082	83
462083	74
462084	69
462085	57
462086	59
462087	55
462088	58
462089	60
462090	63
462091	72
462092	77
462093	92
462094	123
462095	129
462096	136
462097	129
462098	141
462099	127
462100	136
462101	128
462102	130
462103	113
462104	114
462105	98
462106	81
462107	75
462108	64
462109	52
462110	57
462111	53
462112	54
462113	55
462114	61
462115	67
462116	78
462117	97
462118	108
462119	117
462120	118
462121	131
462122	134
462123	125
462124	117
462125	115
462126	113
462127	117
462128	103
462129	95
462130	74
462131	63
462132	56
462133	53
462134	51
462135	53
462136	55
462137	49
462138	60
462139	66
462140	70
462141	86
462142	104
462143	112
462144	128
462145	130
462146	124
462147	132
462148	121
462149	123
462150	123
462151	112
462152	100
462153	95
462154	78
462155	67
462156	63
462157	53
462158	53
462159	53
462160	53
462161	54
462162	60
462163	62
462164	77
462165	84
462166	110
462167	110
462168	128
462169	122
462170	123
462171	123
462172	125
462173	126
462174	119
462175	116
462176	101
462177	94
462178	76
462179	68
462180	60
462181	50
462182	54
462183	51
462184	52
462185	56
462186	58
462187	69
462188	76
462189	98
462190	106
462191	126
462192	119
462193	134
462194	141
462195	126
462196	136
462197	123
462198	130
462199	114
462200	110
462201	101
462202	84
462203	75
462204	65
462205	59
462206	55
462207	60
462208	57
462209	62
462210	65
462211	71
462212	81
462213	97
462214	118
462215	132
462216	131
462217	140
462218	144
462219	148
462220	130
462221	130
462222	122
462223	129
462224	119
462225	101
462226	84
462227	76
462228	64
462229	55
462230	53
462231	58
462232	55
462233	57
462234	67
462235	70
462236	83
462237	97
462238	118
462239	122
462240	139
462241	138
462242	130
462243	144
462244	138
462245	134
462246	123
462247	125
462248	111
462249	105
462250	76
462251	78
462252	62
462253	54
462254	56
462255	59
462256	58
462257	58
462258	63
462259	67
462260	80
462261	98
462262	120
462263	127
462264	124
462265	137
462266	142
462267	127
462268	129
462269	120
462270	121
462271	114
462272	107
462273	92
462274	74
462275	67
462276	60
462277	53
462278	52
462279	57
462280	57
462281	56
462282	63
462283	67
462284	74
462285	89
462286	107
462287	112
462288	125
462289	135
462290	122
462291	122
462292	124
462293	122
462294	112
462295	116
462296	109
462297	86
462298	78
462299	70
462300	62
462301	54
462302	48
462303	49
462304	52
462305	49
462306	56
462307	60
462308	73
462309	86
462310	114
462311	118
462312	122
462313	126
462314	122
462315	127
462316	127
462317	112
462318	110
462319	107
462320	108
462321	95
462322	72
462323	70
462324	58
462325	52
462326	50
462327	49
462328	52
462329	51
462330	53
462331	63
462332	75
462333	85
462334	114
462335	119
462336	117
462337	122
462338	124
462339	123
462340	125
462341	113
462342	121
462343	114
462344	99
462345	98
462346	77
462347	68
462348	60
462349	49
462350	47
462351	54
462352	54
462353	53
462354	54
462355	63
462356	74
462357	89
462358	104
462359	114
462360	122
462361	137
462362	125
462363	128
462364	132
462365	131
462366	119
462367	124
462368	108
462369	97
462370	80
462371	78
462372	67
462373	59
462374	58
462375	58
462376	59
462377	60
462378	63
462379	69
462380	82
462381	98
462382	121
462383	120
462384	124
462385	140
462386	139
462387	139
462388	132
462389	132
462390	131
462391	116
462392	107
462393	106
462394	79
462395	75
462396	67
462397	59
462398	59
462399	57
462400	54
462401	60
462402	58
462403	65
462404	85
462405	94
462406	112
462407	119
462408	129
462409	138
462410	131
462411	129
462412	124
462413	130
462414	132
462415	114
462416	104
462417	97
462418	80
462419	74
462420	66
462421	53
462422	59
462423	59
462424	55
462425	59
462426	63
462427	69
462428	77
462429	93
462430	122
462431	130
462432	121
462433	138
462434	133
462435	129
462436	121
462437	129
462438	127
462439	111
462440	112
462441	95
462442	77
462443	74
462444	58
462445	51
462446	56
462447	53
462448	52
462449	50
462450	58
462451	64
462452	77
462453	90
462454	115
462455	121
462456	129
462457	131
462458	126
462459	132
462460	123
462461	110
462462	109
462463	109
462464	96
462465	96
462466	69
462467	67
462468	57
462469	48
462470	48
462471	53
462472	54
462473	50
462474	53
462475	66
462476	76
462477	86
462478	104
462479	111
462480	123
462481	120
462482	127
462483	114
462484	126
462485	119
462486	107
462487	111
462488	107
462489	93
462490	75
462491	65
462492	55
462493	51
462494	49
462495	49
462496	48
462497	53
462498	59
462499	62
462500	75
462501	88
462502	103
462503	118
462504	111
462505	115
462506	124
462507	122
462508	120
462509	111
462510	114
462511	106
462512	100
462513	92
462514	69
462515	61
462516	56
462517	49
462518	53
462519	53
462520	54
462521	48
462522	55
462523	66
462524	72
462525	87
462526	103
462527	112
462528	126
462529	136
462530	123
462531	134
462532	127
462533	130
462534	124
462535	116
462536	110
462537	100
462538	79
462539	72
462540	64
462541	57
462542	56
462543	54
462544	58
462545	59
462546	65
462547	69
462548	78
462549	98
462550	118
462551	119
462552	123
462553	136
462554	145
462555	136
462556	126
462557	121
462558	131
462559	120
462560	113
462561	104
462562	80
462563	68
462564	60
462565	56
462566	54
462567	57
462568	56
462569	53
462570	59
462571	69
462572	86
462573	99
462574	117
462575	126
462576	134
462577	128
462578	140
462579	139
462580	123
462581	129
462582	132
462583	117
462584	105
462585	102
462586	77
462587	72
462588	65
462589	57
462590	57
462591	53
462592	52
462593	52
462594	60
462595	64
462596	80
462597	92
462598	113
462599	127
462600	131
462601	123
462602	125
462603	129
462604	125
462605	127
462606	116
462607	116
462608	113
462609	100
462610	76
462611	65
462612	60
462613	53
462614	52
462615	50
462616	50
462617	56
462618	61
462619	63
462620	78
462621	94
462622	114
462623	110
462624	117
462625	121
462626	123
462627	119
462628	124
462629	124
462630	121
462631	102
462632	97
462633	91
462634	70
462635	62
462636	57
462637	50
462638	46
462639	51
462640	48
462641	49
462642	55
462643	60
462644	77
462645	82
462646	108
462647	114
462648	112
462649	127
462650	129
462651	127
462652	119
462653	110
462654	107
462655	102
462656	102
462657	95
462658	69
462659	69
462660	54
462661	50
462662	48
462663	52
462664	52
462665	48
462666	52
462667	64
462668	71
462669	86
462670	104
462671	111
462672	119
462673	119
462674	123
462675	119
462676	125
462677	113
462678	108
462679	103
462680	99
462681	90
462682	70
462683	63
462684	53
462685	50
462686	52
462687	53
462688	49
462689	48
462690	55
462691	65
462692	72
462693	84
462694	110
462695	121
462696	121
462697	128
462698	136
462699	130
462700	119
462701	118
462702	119
462703	118
462704	103
462705	103
462706	81
462707	73
462708	63
462709	55
462710	58
462711	52
462712	53
462713	53
462714	58
462715	69
462716	82
462717	96
462718	119
462719	130
462720	133
462721	134
462722	136
462723	139
462724	122
462725	130
462726	120
462727	116
462728	107
462729	94
462730	83
462731	73
462732	63
462733	51
462734	54
462735	52
462736	51
462737	54
462738	58
462739	71
462740	80
462741	89
462742	112
462743	119
462744	124
462745	137
462746	140
462747	133
462748	135
462749	123
462750	126
462751	114
462752	102
462753	97
462754	80
462755	67
462756	64
462757	52
462758	54
462759	52
462760	55
462761	52
462762	63
462763	63
462764	78
462765	89
462766	111
462767	123
462768	128
462769	126
462770	127
462771	127
462772	132
462773	128
462774	110
462775	113
462776	97
462777	99
462778	71
462779	68
462780	61
462781	51
462782	53
462783	49
462784	50
462785	54
462786	55
462787	58
462788	77
462789	90
462790	108
462791	114
462792	118
462793	118
462794	115
462795	114
462796	116
462797	116
462798	116
462799	99
462800	96
462801	87
462802	72
462803	60
462804	55
462805	46
462806	50
462807	46
462808	45
462809	50
462810	52
462811	59
462812	75
462813	82
462814	107
462815	110
462816	117
462817	113
462818	124
462819	120
462820	122
462821	114
462822	103
462823	99
462824	93
462825	84
462826	72
462827	66
462828	53
462829	50
462830	50
462831	47
462832	51
462833	48
462834	51
462835	61
462836	69
462837	81
462838	95
462839	113
462840	117
462841	110
462842	117
462843	112
462844	114
462845	118
462846	107
462847	103
462848	95
462849	88
462850	65
462851	62
462852	52
462853	46
462854	47
462855	51
462856	49
462857	52
462858	52
462859	61
462860	69
462861	86
462862	99
462863	117
462864	110
462865	123
462866	125
462867	127
462868	120
462869	114
462870	121
462871	115
462872	99
462873	97
462874	78
462875	66
462876	62
462877	53
462878	53
462879	50
462880	53
462881	51
462882	58
462883	63
462884	76
462885	97
462886	112
462887	114
462888	120
462889	121
462890	125
462891	127
462892	127
462893	128
462894	111
462895	111
462896	108
462897	96
462898	74
462899	67
462900	62
462901	54
462902	54
462903	49
462904	50
462905	52
462906	60
462907	68
462908	77
462909	89
462910	112
462911	121
462912	126
462913	128
462914	128
462915	117
462916	120
462917	126
462918	112
462919	114
462920	98
462921	91
462922	78
462923	63
462924	55
462925	52
462926	53
462927	54
462928	53
462929	52
462930	55
462931	64
462932	72
462933	84
462934	110
462935	108
462936	118
462937	124
462938	122
462939	118
462940	114
462941	123
462942	106
462943	109
462944	102
462945	94
462946	75
462947	65
462948	59
462949	49
462950	50
462951	47
462952	50
462953	48
462954	53
462955	58
462956	68
462957	82
462958	108
462959	102
462960	114
462961	121
462962	116
462963	108
462964	114
462965	108
462966	112
462967	103
462968	96
462969	80
462970	67
462971	61
462972	53
462973	44
462974	48
462975	43
462976	44
462977	46
462978	52
462979	54
462980	68
462981	80
462982	101
462983	98
462984	108
462985	114
462986	107
462987	117
462988	112
462989	102
462990	100
462991	99
462992	88
462993	81
462994	70
462995	60
462996	50
462997	46
462998	44
462999	46
463000	44
463001	44
463002	54
463003	60
463004	65
463005	77
463006	95
463007	105
463008	107
463009	119
463010	115
463011	118
463012	108
463013	109
463014	106
463015	98
463016	86
463017	84
463018	68
463019	61
463020	54
463021	43
463022	48
463023	45
463024	45
463025	45
463026	52
463027	56
463028	64
463029	83
463030	97
463031	110
463032	115
463033	123
463034	112
463035	120
463036	116
463037	113
463038	115
463039	105
463040	93
463041	87
463042	71
463043	64
463044	59
463045	49
463046	53
463047	52
463048	48
463049	51
463050	54
463051	59
463052	78
463053	91
463054	98
463055	112
463056	124
463057	115
463058	127
463059	121
463060	115
463061	106
463062	111
463063	110
463064	102
463065	93
463066	74
463067	66
463068	58
463069	50
463070	50
463071	46
463072	46
463073	50
463074	52
463075	63
463076	70
463077	81
463078	97
463079	115
463080	116
463081	114
463082	122
463083	114
463084	114
463085	109
463086	105
463087	99
463088	98
463089	85
463090	69
463091	61
463092	54
463093	49
463094	50
463095	46
463096	44
463097	44
463098	54
463099	59
463100	68
463101	80
463102	93
463103	98
463104	101
463105	110
463106	111
463107	113
463108	112
463109	109
463110	101
463111	91
463112	91
463113	79
463114	61
463115	59
463116	50
463117	46
463118	45
463119	42
463120	46
463121	44
463122	46
463123	57
463124	61
463125	73
463126	89
463127	101
463128	97
463129	110
463130	105
463131	105
463132	106
463133	91
463134	101
463135	85
463136	86
463137	73
463138	60
463139	54
463140	48
463141	43
463142	40
463143	43
463144	43
463145	40
463146	47
463147	52
463148	58
463149	72
463150	87
463151	96
463152	92
463153	100
463154	106
463155	94
463156	99
463157	99
463158	95
463159	87
463160	78
463161	71
463162	60
463163	53
463164	45
463165	41
463166	41
463167	42
463168	39
463169	42
463170	47
463171	47
463172	59
463173	70
463174	82
463175	89
463176	94
463177	99
463178	93
463179	99
463180	91
463181	93
463182	87
463183	82
463184	83
463185	68
463186	60
463187	53
463188	42
463189	37
463190	40
463191	38
463192	38
463193	41
463194	46
463195	51
463196	59
463197	72
463198	83
463199	95
463200	95
463201	103
463202	98
463203	98
463204	103
463205	97
463206	92
463207	97
463208	82
463209	76
463210	68
463211	57
463212	54
463213	46
463214	43
463215	44
463216	46
463217	46
463218	51
463219	51
463220	65
463221	78
463222	95
463223	102
463224	104
463225	106
463226	112
463227	106
463228	103
463229	104
463230	106
463231	98
463232	93
463233	85
463234	66
463235	58
463236	53
463237	42
463238	42
463239	44
463240	46
463241	48
463242	48
463243	53
463244	62
463245	78
463246	96
463247	95
463248	104
463249	104
463250	116
463251	114
463252	103
463253	97
463254	97
463255	94
463256	93
463257	83
463258	60
463259	55
463260	53
463261	46
463262	47
463263	43
463264	47
463265	43
463266	49
463267	55
463268	65
463269	74
463270	93
463271	95
463272	101
463273	106
463274	106
463275	113
463276	101
463277	97
463278	97
463279	89
463280	90
463281	78
463282	63
463283	61
463284	53
463285	42
463286	44
463287	41
463288	42
463289	44
463290	50
463291	54
463292	66
463293	77
463294	90
463295	97
463296	106
463297	97
463298	99
463299	103
463300	104
463301	92
463302	98
463303	88
463304	87
463305	77
463306	58
463307	53
463308	50
463309	43
463310	39
463311	42
463312	40
463313	42
463314	45
463315	54
463316	65
463317	70
463318	84
463319	91
463320	101
463321	107
463322	97
463323	105
463324	95
463325	102
463326	91
463327	85
463328	88
463329	74
463330	61
463331	56
463332	51
463333	42
463334	45
463335	43
463336	42
463337	43
463338	48
463339	55
463340	66
463341	76
463342	88
463343	92
463344	105
463345	109
463346	103
463347	109
463348	107
463349	93
463350	94
463351	97
463352	81
463353	76
463354	61
463355	52
463356	47
463357	44
463358	45
463359	40
463360	42
463361	45
463362	47
463363	55
463364	67
463365	78
463366	95
463367	107
463368	101
463369	106
463370	119
463371	111
463372	108
463373	115
463374	104
463375	102
463376	97
463377	86
463378	68
463379	64
463380	60
463381	46
463382	48
463383	51
463384	52
463385	53
463386	55
463387	58
463388	71
463389	84
463390	107
463391	114
463392	117
463393	112
463394	125
463395	120
463396	119
463397	122
463398	108
463399	99
463400	100
463401	90
463402	73
463403	65
463404	55
463405	49
463406	53
463407	50
463408	49
463409	51
463410	53
463411	62
463412	73
463413	86
463414	102
463415	118
463416	114
463417	115
463418	123
463419	119
463420	119
463421	111
463422	121
463423	103
463424	98
463425	93
463426	75
463427	67
463428	58
463429	53
463430	51
463431	49
463432	48
463433	51
463434	59
463435	65
463436	74
463437	87
463438	104
463439	107
463440	114
463441	124
463442	119
463443	128
463444	119
463445	109
463446	116
463447	112
463448	102
463449	93
463450	76
463451	68
463452	60
463453	51
463454	51
463455	50
463456	51
463457	51
463458	52
463459	59
463460	72
463461	84
463462	103
463463	118
463464	113
463465	119
463466	122
463467	123
463468	118
463469	112
463470	103
463471	107
463472	92
463473	85
463474	70
463475	64
463476	54
463477	48
463478	46
463479	51
463480	48
463481	47
463482	52
463483	61
463484	73
463485	82
463486	105
463487	104
463488	121
463489	112
463490	119
463491	125
463492	117
463493	120
463494	106
463495	107
463496	94
463497	86
463498	74
463499	66
463500	58
463501	51
463502	48
463503	53
463504	50
463505	48
463506	54
463507	61
463508	75
463509	87
463510	106
463511	106
463512	114
463513	118
463514	132
463515	117
463516	119
463517	123
463518	120
463519	112
463520	96
463521	92
463522	69
463523	68
463524	60
463525	53
463526	47
463527	48
463528	51
463529	51
463530	57
463531	62
463532	82
463533	98
463534	109
463535	126
463536	126
463537	140
463538	141
463539	133
463540	132
463541	124
463542	132
463543	130
463544	111
463545	105
463546	91
463547	76
463548	74
463549	57
463550	57
463551	63
463552	60
463553	59
463554	67
463555	77
463556	94
463557	105
463558	135
463559	138
463560	152
463561	159
463562	154
463563	153
463564	151
463565	151
463566	136
463567	126
463568	123
463569	118
463570	90
463571	79
463572	72
463573	62
463574	64
463575	68
463576	65
463577	63
463578	75
463579	79
463580	92
463581	108
463582	139
463583	150
463584	145
463585	150
463586	150
463587	149
463588	159
463589	142
463590	154
463591	141
463592	125
463593	124
463594	95
463595	82
463596	79
463597	62
463598	62
463599	66
463600	70
463601	63
463602	77
463603	85
463604	97
463605	115
463606	148
463607	144
463608	164
463609	160
463610	166
463611	164
463612	158
463613	158
463614	159
463615	134
463616	127
463617	118
463618	97
463619	82
463620	72
463621	69
463622	65
463623	67
463624	64
463625	69
463626	76
463627	81
463628	102
463629	112
463630	141
463631	157
463632	165
463633	156
463634	157
463635	151
463636	158
463637	155
463638	155
463639	138
463640	124
463641	113
463642	97
463643	81
463644	74
463645	64
463646	65
463647	67
463648	66
463649	69
463650	77
463651	85
463652	103
463653	117
463654	148
463655	147
463656	167
463657	165
463658	156
463659	162
463660	161
463661	160
463662	154
463663	147
463664	131
463665	122
463666	101
463667	92
463668	83
463669	74
463670	67
463671	74
463672	67
463673	69
463674	80
463675	86
463676	101
463677	129
463678	158
463679	169
463680	158
463681	180
463682	173
463683	164
463684	163
463685	174
463686	170
463687	150
463688	135
463689	134
463690	103
463691	90
463692	81
463693	68
463694	70
463695	70
463696	69
463697	77
463698	82
463699	94
463700	102
463701	127
463702	152
463703	175
463704	174
463705	191
463706	177
463707	186
463708	168
463709	170
463710	172
463711	173
463712	151
463713	145
463714	116
463715	98
463716	92
463717	73
463718	74
463719	83
463720	78
463721	80
463722	88
463723	90
463724	112
463725	138
463726	164
463727	179
463728	174
463729	172
463730	183
463731	188
463732	186
463733	166
463734	162
463735	165
463736	146
463737	138
463738	105
463739	97
463740	86
463741	72
463742	69
463743	71
463744	78
463745	75
463746	81
463747	90
463748	102
463749	125
463750	155
463751	171
463752	168
463753	173
463754	182
463755	169
463756	174
463757	166
463758	168
463759	151
463760	143
463761	133
463762	100
463763	91
463764	85
463765	72
463766	71
463767	72
463768	72
463769	67
463770	81
463771	91
463772	98
463773	127
463774	139
463775	158
463776	158
463777	167
463778	173
463779	155
463780	162
463781	147
463782	158
463783	145
463784	138
463785	123
463786	91
463787	87
463788	78
463789	63
463790	64
463791	64
463792	62
463793	68
463794	71
463795	74
463796	87
463797	103
463798	141
463799	138
463800	139
463801	150
463802	159
463803	155
463804	145
463805	134
463806	132
463807	121
463808	113
463809	112
463810	86
463811	74
463812	64
463813	58
463814	61
463815	61
463816	55
463817	58
463818	65
463819	73
463820	89
463821	101
463822	123
463823	137
463824	137
463825	138
463826	148
463827	136
463828	137
463829	127
463830	128
463831	122
463832	119
463833	104
463834	84
463835	77
463836	64
463837	56
463838	57
463839	57
463840	55
463841	58
463842	62
463843	66
463844	87
463845	93
463846	117
463847	126
463848	123
463849	140
463850	135
463851	125
463852	140
463853	134
463854	132
463855	111
463856	105
463857	105
463858	80
463859	71
463860	64
463861	51
463862	52
463863	56
463864	56
463865	55
463866	59
463867	65
463868	77
463869	94
463870	122
463871	132
463872	135
463873	142
463874	141
463875	136
463876	142
463877	132
463878	133
463879	124
463880	123
463881	109
463882	84
463883	78
463884	65
463885	57
463886	61
463887	56
463888	59
463889	64
463890	63
463891	73
463892	82
463893	101
463894	131
463895	128
463896	144
463897	150
463898	147
463899	139
463900	140
463901	139
463902	130
463903	124
463904	108
463905	99
463906	86
463907	78
463908	63
463909	61
463910	59
463911	54
463912	55
463913	57
463914	62
463915	69
463916	82
463917	102
463918	119
463919	130
463920	127
463921	143
463922	146
463923	133
463924	128
463925	127
463926	122
463927	118
463928	109
463929	104
463930	80
463931	73
463932	64
463933	59
463934	53
463935	56
463936	59
463937	56
463938	65
463939	64
463940	81
463941	98
463942	108
463943	116
463944	122
463945	138
463946	130
463947	135
463948	120
463949	123
463950	129
463951	108
463952	108
463953	91
463954	71
463955	74
463956	59
463957	55
463958	55
463959	54
463960	52
463961	54
463962	54
463963	63
463964	76
463965	88
463966	106
463967	119
463968	113
463969	120
463970	124
463971	120
463972	124
463973	108
463974	114
463975	101
463976	101
463977	89
463978	68
463979	62
463980	53
463981	50
463982	49
463983	47
463984	49
463985	52
463986	54
463987	62
463988	68
463989	81
463990	96
463991	113
463992	107
463993	118
463994	122
463995	118
463996	108
463997	111
463998	104
463999	106
464000	101
464001	84
464002	70
464003	60
464004	57
464005	47
464006	47
464007	46
464008	47
464009	51
464010	55
464011	55
464012	72
464013	81
464014	96
464015	107
464016	105
464017	111
464018	113
464019	122
464020	110
464021	106
464022	100
464023	103
464024	98
464025	89
464026	70
464027	65
464028	50
464029	46
464030	45
464031	49
464032	48
464033	47
464034	56
464035	60
464036	73
464037	78
464038	99
464039	112
464040	112
464041	123
464042	113
464043	116
464044	123
464045	114
464046	109
464047	113
464048	101
464049	92
464050	75
464051	68
464052	57
464053	49
464054	55
464055	50
464056	55
464057	49
464058	61
464059	66
464060	71
464061	90
464062	107
464063	111
464064	115
464065	129
464066	118
464067	125
464068	118
464069	117
464070	120
464071	104
464072	103
464073	92
464074	75
464075	68
464076	62
464077	51
464078	52
464079	53
464080	49
464081	49
464082	55
464083	61
464084	77
464085	86
464086	103
464087	106
464088	113
464089	124
464090	122
464091	124
464092	121
464093	117
464094	114
464095	100
464096	93
464097	91
464098	71
464099	67
464100	56
464101	50
464102	51
464103	47
464104	48
464105	48
464106	53
464107	57
464108	70
464109	87
464110	97
464111	105
464112	112
464113	119
464114	116
464115	113
464116	118
464117	104
464118	112
464119	103
464120	90
464121	84
464122	66
464123	66
464124	52
464125	50
464126	46
464127	49
464128	48
464129	49
464130	50
464131	59
464132	71
464133	76
464134	95
464135	109
464136	114
464137	106
464138	119
464139	113
464140	102
464141	98
464142	96
464143	96
464144	88
464145	76
464146	63
464147	54
464148	50
464149	45
464150	46
464151	42
464152	44
464153	46
464154	50
464155	51
464156	66
464157	77
464158	91
464159	93
464160	109
464161	104
464162	112
464163	114
464164	103
464165	107
464166	98
464167	97
464168	85
464169	77
464170	64
464171	59
464172	50
464173	45
464174	46
464175	46
464176	42
464177	44
464178	49
464179	54
464180	64
464181	74
464182	94
464183	97
464184	108
464185	102
464186	111
464187	109
464188	102
464189	99
464190	98
464191	99
464192	90
464193	76
464194	60
464195	60
464196	51
464197	45
464198	42
464199	43
464200	45
464201	45
464202	48
464203	56
464204	63
464205	76
464206	94
464207	106
464208	110
464209	107
464210	111
464211	113
464212	116
464213	115
464214	107
464215	95
464216	92
464217	91
464218	67
464219	60
464220	53
464221	49
464222	51
464223	50
464224	50
464225	50
464226	51
464227	61
464228	74
464229	84
464230	105
464231	109
464232	109
464233	117
464234	111
464235	120
464236	107
464237	107
464238	101
464239	100
464240	96
464241	86
464242	67
464243	60
464244	52
464245	47
464246	51
464247	49
464248	49
464249	48
464250	52
464251	56
464252	69
464253	80
464254	95
464255	101
464256	106
464257	116
464258	118
464259	116
464260	112
464261	103
464262	112
464263	107
464264	97
464265	83
464266	68
464267	61
464268	52
464269	44
464270	49
464271	47
464272	48
464273	48
464274	52
464275	57
464276	72
464277	75
464278	94
464279	111
464280	112
464281	110
464282	110
464283	117
464284	106
464285	106
464286	107
464287	100
464288	95
464289	84
464290	67
464291	59
464292	55
464293	46
464294	44
464295	43
464296	44
464297	44
464298	51
464299	57
464300	66
464301	81
464302	88
464303	96
464304	97
464305	101
464306	110
464307	101
464308	104
464309	100
464310	102
464311	94
464312	91
464313	77
464314	61
464315	58
464316	46
464317	40
464318	40
464319	44
464320	43
464321	45
464322	45
464323	50
464324	64
464325	72
464326	87
464327	100
464328	102
464329	106
464330	98
464331	107
464332	106
464333	101
464334	94
464335	96
464336	84
464337	79
464338	61
464339	54
464340	47
464341	40
464342	45
464343	45
464344	45
464345	43
464346	47
464347	54
464348	60
464349	78
464350	88
464351	92
464352	95
464353	109
464354	101
464355	98
464356	99
464357	98
464358	101
464359	91
464360	82
464361	75
464362	62
464363	57
464364	47
464365	40
464366	40
464367	43
464368	45
464369	45
464370	50
464371	56
464372	68
464373	74
464374	94
464375	97
464376	101
464377	101
464378	109
464379	117
464380	109
464381	102
464382	102
464383	100
464384	95
464385	89
464386	65
464387	58
464388	56
464389	46
464390	45
464391	51
464392	46
464393	48
464394	53
464395	59
464396	73
464397	84
464398	105
464399	100
464400	109
464401	110
464402	116
464403	111
464404	113
464405	116
464406	113
464407	100
464408	92
464409	85
464410	67
464411	65
464412	57
464413	45
464414	46
464415	49
464416	50
464417	45
464418	49
464419	59
464420	70
464421	80
464422	94
464423	106
464424	106
464425	107
464426	111
464427	108
464428	117
464429	107
464430	111
464431	101
464432	96
464433	82
464434	68
464435	64
464436	53
464437	45
464438	45
464439	44
464440	46
464441	45
464442	54
464443	56
464444	66
464445	76
464446	95
464447	108
464448	107
464449	111
464450	117
464451	114
464452	111
464453	100
464454	108
464455	99
464456	86
464457	83
464458	63
464459	58
464460	48
464461	42
464462	45
464463	47
464464	43
464465	46
464466	49
464467	51
464468	63
464469	75
464470	96
464471	94
464472	99
464473	99
464474	99
464475	98
464476	96
464477	95
464478	102
464479	96
464480	87
464481	80
464482	64
464483	56
464484	47
464485	40
464486	40
464487	42
464488	43
464489	44
464490	46
464491	53
464492	64
464493	76
464494	92
464495	100
464496	101
464497	106
464498	97
464499	102
464500	94
464501	94
464502	99
464503	86
464504	82
464505	75
464506	63
464507	57
464508	49
464509	42
464510	40
464511	42
464512	43
464513	40
464514	49
464515	54
464516	61
464517	72
464518	94
464519	97
464520	97
464521	98
464522	101
464523	98
464524	106
464525	91
464526	93
464527	93
464528	84
464529	75
464530	60
464531	56
464532	45
464533	42
464534	43
464535	44
464536	44
464537	41
464538	46
464539	55
464540	61
464541	80
464542	87
464543	93
464544	105
464545	104
464546	109
464547	110
464548	113
464549	110
464550	103
464551	94
464552	91
464553	86
464554	68
464555	64
464556	51
464557	46
464558	45
464559	47
464560	46
464561	45
464562	51
464563	59
464564	71
464565	78
464566	103
464567	111
464568	114
464569	120
464570	113
464571	113
464572	118
464573	105
464574	111
464575	100
464576	97
464577	89
464578	64
464579	58
464580	55
464581	50
464582	47
464583	48
464584	45
464585	45
464586	53
464587	58
464588	69
464589	78
464590	105
464591	111
464592	110
464593	108
464594	113
464595	108
464596	106
464597	103
464598	106
464599	95
464600	98
464601	87
464602	63
464603	60
464604	56
464605	45
464606	44
464607	46
464608	48
464609	46
464610	50
464611	59
464612	72
464613	81
464614	104
464615	106
464616	110
464617	112
464618	117
464619	118
464620	105
464621	108
464622	110
464623	92
464624	87
464625	83
464626	67
464627	56
464628	55
464629	47
464630	44
464631	45
464632	44
464633	46
464634	50
464635	53
464636	66
464637	74
464638	96
464639	99
464640	102
464641	102
464642	102
464643	114
464644	101
464645	95
464646	105
464647	91
464648	88
464649	83
464650	59
464651	55
464652	50
464653	44
464654	42
464655	43
464656	44
464657	41
464658	50
464659	52
464660	63
464661	80
464662	89
464663	98
464664	101
464665	101
464666	101
464667	113
464668	107
464669	102
464670	99
464671	95
464672	83
464673	83
464674	59
464675	58
464676	48
464677	43
464678	44
464679	46
464680	43
464681	44
464682	46
464683	58
464684	68
464685	80
464686	91
464687	101
464688	109
464689	104
464690	109
464691	113
464692	112
464693	99
464694	97
464695	95
464696	93
464697	83
464698	62
464699	55
464700	52
464701	42
464702	42
464703	46
464704	44
464705	44
464706	51
464707	57
464708	66
464709	83
464710	98
464711	107
464712	116
464713	113
464714	112
464715	114
464716	114
464717	111
464718	110
464719	110
464720	100
464721	86
464722	69
464723	61
464724	56
464725	51
464726	47
464727	49
464728	53
464729	51
464730	53
464731	63
464732	74
464733	86
464734	110
464735	114
464736	123
464737	116
464738	122
464739	113
464740	120
464741	111
464742	114
464743	105
464744	102
464745	86
464746	73
464747	68
464748	57
464749	52
464750	51
464751	49
464752	47
464753	48
464754	54
464755	63
464756	68
464757	84
464758	110
464759	111
464760	119
464761	112
464762	128
464763	124
464764	125
464765	112
464766	113
464767	105
464768	97
464769	90
464770	73
464771	63
464772	54
464773	51
464774	50
464775	47
464776	52
464777	47
464778	55
464779	62
464780	71
464781	89
464782	100
464783	108
464784	120
464785	117
464786	119
464787	117
464788	117
464789	119
464790	107
464791	103
464792	100
464793	89
464794	74
464795	65
464796	56
464797	49
464798	47
464799	49
464800	45
464801	47
464802	50
464803	58
464804	72
464805	77
464806	102
464807	102
464808	116
464809	117
464810	113
464811	109
464812	116
464813	112
464814	110
464815	97
464816	92
464817	80
464818	63
464819	59
464820	54
464821	47
464822	44
464823	43
464824	47
464825	48
464826	49
464827	57
464828	62
464829	74
464830	99
464831	96
464832	110
464833	104
464834	118
464835	115
464836	113
464837	112
464838	104
464839	102
464840	94
464841	78
464842	66
464843	61
464844	51
464845	43
464846	44
464847	44
464848	44
464849	44
464850	53
464851	56
464852	71
464853	80
464854	91
464855	100
464856	114
464857	116
464858	118
464859	109
464860	109
464861	100
464862	97
464863	102
464864	91
464865	87
464866	70
464867	61
464868	55
464869	44
464870	46
464871	47
464872	44
464873	48
464874	53
464875	55
464876	69
464877	83
464878	100
464879	111
464880	118
464881	113
464882	111
464883	122
464884	115
464885	112
464886	107
464887	110
464888	105
464889	91
464890	76
464891	63
464892	57
464893	52
464894	54
464895	54
464896	54
464897	55
464898	55
464899	64
464900	70
464901	82
464902	111
464903	114
464904	111
464905	118
464906	127
464907	128
464908	119
464909	120
464910	120
464911	114
464912	106
464913	95
464914	75
464915	62
464916	58
464917	51
464918	49
464919	47
464920	49
464921	52
464922	54
464923	61
464924	77
464925	91
464926	108
464927	106
464928	114
464929	114
464930	118
464931	128
464932	112
464933	112
464934	111
464935	107
464936	104
464937	86
464938	67
464939	65
464940	59
464941	50
464942	52
464943	51
464944	48
464945	50
464946	56
464947	61
464948	69
464949	81
464950	105
464951	104
464952	117
464953	115
464954	113
464955	109
464956	119
464957	110
464958	107
464959	100
464960	91
464961	88
464962	72
464963	64
464964	56
464965	45
464966	49
464967	50
464968	46
464969	45
464970	52
464971	57
464972	67
464973	75
464974	97
464975	97
464976	103
464977	110
464978	108
464979	104
464980	106
464981	106
464982	103
464983	101
464984	85
464985	78
464986	60
464987	56
464988	53
464989	47
464990	46
464991	47
464992	42
464993	46
464994	50
464995	55
464996	65
464997	77
464998	98
464999	101
465000	109
465001	109
465002	103
465003	101
465004	102
465005	96
465006	98
465007	93
465008	83
465009	82
465010	66
465011	61
465012	50
465013	43
465014	46
465015	47
465016	43
465017	46
465018	46
465019	55
465020	61
465021	78
465022	95
465023	98
465024	108
465025	110
465026	110
465027	100
465028	99
465029	99
465030	93
465031	91
465032	92
465033	84
465034	65
465035	60
465036	111
465037	101
465038	102
465039	103
465040	104
465041	105
465042	109
465043	114
465044	125
465045	140
465046	153
465047	164
465048	113
465049	107
465050	108
465051	110
465052	117
465053	115
465054	105
465055	96
465056	100
465057	84
465058	74
465059	66
465060	58
465061	51
465062	48
465063	51
465064	46
465065	46
465066	52
465067	121
465068	134
465069	146
465070	165
465071	168
465072	172
465073	176
465074	185
465075	174
465076	169
465077	172
465078	161
465079	162
465080	158
465081	142
465082	130
465083	126
465084	112
465085	108
465086	109
465087	107
465088	108
465089	108
465090	116
465091	121
465092	131
465093	142
465094	166
465095	163
465096	173
465097	174
465098	174
465099	174
465100	175
465101	167
465102	165
465103	155
465104	152
465105	206
465106	184
465107	181
465108	53
465109	49
465110	45
465111	46
465112	45
465113	46
465114	53
465115	55
465116	70
465117	79
465118	93
465119	110
465120	107
465121	105
465122	116
465123	113
465124	113
465125	108
465126	103
465127	103
465128	90
465129	79
465130	68
465131	60
465132	50
465133	44
465134	46
465135	45
465136	46
465137	44
465138	50
465139	52
465140	62
465141	79
465142	92
465143	92
465144	97
465145	111
465146	112
465147	105
465148	105
465149	100
465150	95
465151	88
465152	84
465153	80
465154	63
465155	56
465156	48
465157	43
465158	41
465159	40
465160	41
465161	42
465162	45
465163	53
465164	63
465165	74
465166	85
465167	89
465168	97
465169	105
465170	97
465171	98
465172	95
465173	96
465174	91
465175	84
465176	85
465177	81
465178	64
465179	58
465180	46
465181	43
465182	43
465183	42
465184	43
465185	44
465186	46
465187	55
465188	62
465189	75
465190	85
465191	90
465192	98
465193	101
465194	96
465195	96
465196	97
465197	98
465198	89
465199	91
465200	88
465201	78
465202	57
465203	55
465204	49
465205	40
465206	42
465207	42
465208	40
465209	41
465210	49
465211	55
465212	60
465213	79
465214	92
465215	95
465216	105
465217	109
465218	100
465219	100
465220	108
465221	101
465222	98
465223	94
465224	90
465225	76
465226	66
465227	61
465228	51
465229	43
465230	48
465231	48
465232	44
465233	44
465234	48
465235	55
465236	67
465237	80
465238	96
465239	95
465240	100
465241	104
465242	115
465243	103
465244	109
465245	102
465246	95
465247	100
465248	86
465249	79
465250	63
465251	56
465252	49
465253	47
465254	43
465255	46
465256	44
465257	45
465258	48
465259	55
465260	62
465261	81
465262	91
465263	98
465264	100
465265	103
465266	110
465267	108
465268	101
465269	100
465270	105
465271	92
465272	83
465273	75
465274	62
465275	55
465276	50
465277	42
465278	45
465279	42
465280	44
465281	41
465282	49
465283	56
465284	62
465285	78
465286	92
465287	92
465288	105
465289	107
465290	109
465291	105
465292	98
465293	94
465294	92
465295	84
465296	87
465297	77
465298	60
465299	51
465300	49
465301	39
465302	40
465303	42
465304	43
465305	39
465306	44
465307	49
465308	56
465309	70
465310	82
465311	85
465312	94
465313	94
465314	99
465315	95
465316	95
465317	96
465318	86
465319	78
465320	75
465321	70
465322	56
465323	47
465324	42
465325	39
465326	40
465327	37
465328	36
465329	41
465330	40
465331	45
465332	53
465333	68
465334	77
465335	87
465336	93
465337	90
465338	91
465339	92
465340	88
465341	87
465342	81
465343	81
465344	79
465345	67
465346	57
465347	46
465348	46
465349	38
465350	40
465351	39
465352	40
465353	40
465354	43
465355	47
465356	56
465357	65
465358	76
465359	86
465360	94
465361	93
465362	94
465363	96
465364	87
465365	90
465366	80
465367	82
465368	75
465369	67
465370	51
465371	50
465372	44
465373	35
465374	35
465375	40
465376	38
465377	38
465378	44
465379	46
465380	56
465381	68
465382	79
465383	83
465384	94
465385	92
465386	104
465387	91
465388	101
465389	99
465390	87
465391	87
465392	84
465393	74
465394	63
465395	53
465396	46
465397	44
465398	44
465399	43
465400	41
465401	44
465402	46
465403	52
465404	58
465405	70
465406	89
465407	94
465408	100
465409	99
465410	97
465411	98
465412	101
465413	101
465414	89
465415	88
465416	86
465417	79
465418	57
465419	58
465420	51
465421	40
465422	41
465423	39
465424	45
465425	43
465426	47
465427	49
465428	57
465429	76
465430	92
465431	95
465432	93
465433	98
465434	102
465435	98
465436	96
465437	92
465438	99
465439	94
465440	79
465441	72
465442	58
465443	57
465444	50
465445	39
465446	41
465447	39
465448	44
465449	40
465450	45
465451	49
465452	59
465453	73
465454	90
465455	92
465456	102
465457	99
465458	99
465459	100
465460	100
465461	98
465462	93
465463	92
465464	84
465465	73
465466	59
465467	51
465468	44
465469	42
465470	41
465471	39
465472	42
465473	42
465474	45
465475	47
465476	56
465477	64
465478	79
465479	92
465480	96
465481	89
465482	100
465483	93
465484	94
465485	93
465486	84
465487	85
465488	79
465489	67
465490	56
465491	47
465492	46
465493	39
465494	38
465495	36
465496	40
465497	40
465498	42
465499	45
465500	57
465501	63
465502	78
465503	87
465504	92
465505	94
465506	98
465507	98
465508	93
465509	83
465510	88
465511	78
465512	72
465513	65
465514	55
465515	48
465516	43
465517	37
465518	38
465519	36
465520	40
465521	39
465522	42
465523	50
465524	57
465525	64
465526	77
465527	92
465528	94
465529	87
465530	93
465531	95
465532	87
465533	84
465534	85
465535	84
465536	81
465537	70
465538	57
465539	53
465540	41
465541	37
465542	40
465543	36
465544	39
465545	41
465546	46
465547	49
465548	58
465549	73
465550	83
465551	96
465552	90
465553	99
465554	102
465555	94
465556	101
465557	94
465558	97
465559	90
465560	84
465561	80
465562	61
465563	60
465564	47
465565	41
465566	44
465567	41
465568	43
465569	44
465570	47
465571	53
465572	67
465573	72
465574	89
465575	92
465576	96
465577	107
465578	106
465579	107
465580	98
465581	103
465582	92
465583	90
465584	85
465585	83
465586	63
465587	53
465588	51
465589	46
465590	41
465591	44
465592	44
465593	42
465594	46
465595	51
465596	60
465597	72
465598	91
465599	92
465600	101
465601	109
465602	112
465603	105
465604	106
465605	104
465606	93
465607	93
465608	88
465609	82
465610	66
465611	54
465612	47
465613	41
465614	41
465615	43
465616	42
465617	42
465618	49
465619	55
465620	64
465621	77
465622	91
465623	100
465624	106
465625	105
465626	111
465627	105
465628	99
465629	92
465630	102
465631	86
465632	85
465633	79
465634	62
465635	58
465636	51
465637	44
465638	44
465639	44
465640	40
465641	40
465642	44
465643	54
465644	62
465645	68
465646	86
465647	89
465648	103
465649	94
465650	105
465651	105
465652	101
465653	99
465654	90
465655	85
465656	84
465657	73
465658	59
465659	56
465660	49
465661	42
465662	40
465663	40
465664	38
465665	39
465666	45
465667	47
465668	61
465669	69
465670	87
465671	94
465672	98
465673	99
465674	101
465675	95
465676	102
465677	94
465678	88
465679	92
465680	85
465681	76
465682	58
465683	51
465684	45
465685	40
465686	39
465687	43
465688	41
465689	42
465690	47
465691	48
465692	62
465693	67
465694	88
465695	91
465696	97
465697	103
465698	102
465699	96
465700	95
465701	97
465702	93
465703	90
465704	87
465705	73
465706	63
465707	56
465708	49
465709	40
465710	43
465711	41
465712	40
465713	43
465714	46
465715	54
465716	60
465717	75
465718	94
465719	103
465720	98
465721	108
465722	111
465723	109
465724	104
465725	98
465726	104
465727	101
465728	89
465729	88
465730	69
465731	59
465732	53
465733	48
465734	46
465735	47
465736	46
465737	46
465738	55
465739	58
465740	64
465741	81
465742	95
465743	109
465744	114
465745	109
465746	118
465747	107
465748	114
465749	103
465750	111
465751	104
465752	87
465753	87
465754	66
465755	59
465756	50
465757	48
465758	47
465759	45
465760	45
465761	50
465762	49
465763	56
465764	69
465765	75
465766	101
465767	108
465768	115
465769	114
465770	112
465771	118
465772	115
465773	112
465774	102
465775	104
465776	92
465777	87
465778	62
465779	64
465780	54
465781	45
465782	45
465783	46
465784	46
465785	48
465786	52
465787	53
465788	67
465789	80
465790	91
465791	103
465792	101
465793	108
465794	110
465795	103
465796	107
465797	104
465798	105
465799	91
465800	94
465801	83
465802	62
465803	61
465804	50
465805	47
465806	42
465807	47
465808	48
465809	48
465810	51
465811	57
465812	67
465813	77
465814	95
465815	98
465816	99
465817	108
465818	109
465819	109
465820	101
465821	96
465822	93
465823	93
465824	86
465825	76
465826	58
465827	57
465828	48
465829	44
465830	43
465831	42
465832	43
465833	43
465834	49
465835	53
465836	62
465837	69
465838	85
465839	96
465840	105
465841	98
465842	103
465843	100
465844	99
465845	101
465846	98
465847	88
465848	88
465849	78
465850	58
465851	54
465852	52
465853	40
465854	44
465855	45
465856	41
465857	43
465858	49
465859	56
465860	61
465861	76
465862	91
465863	94
465864	95
465865	102
465866	106
465867	102
465868	104
465869	94
465870	102
465871	94
465872	85
465873	83
465874	65
465875	55
465876	49
465877	43
465878	44
465879	44
465880	43
465881	45
465882	47
465883	54
465884	66
465885	76
465886	96
465887	107
465888	108
465889	109
465890	116
465891	106
465892	108
465893	111
465894	108
465895	104
465896	97
465897	80
465898	69
465899	60
465900	55
465901	50
465902	45
465903	50
465904	46
465905	49
465906	52
465907	58
465908	69
465909	86
465910	100
465911	114
465912	109
465913	121
465914	123
465915	112
465916	108
465917	115
465918	105
465919	98
465920	90
465921	86
465922	71
465923	63
465924	54
465925	49
465926	47
465927	47
465928	48
465929	46
465930	56
465931	59
465932	69
465933	76
465934	101
465935	109
465936	116
465937	110
465938	110
465939	113
465940	115
465941	105
465942	102
465943	98
465944	89
465945	86
465946	68
465947	61
465948	54
465949	49
465950	46
465951	48
465952	48
465953	49
465954	52
465955	59
465956	66
465957	83
465958	97
465959	106
465960	114
465961	105
465962	110
465963	113
465964	110
465965	107
465966	110
465967	93
465968	88
465969	82
465970	67
465971	63
465972	50
465973	43
465974	43
465975	48
465976	47
465977	48
465978	53
465979	58
465980	67
465981	74
465982	88
465983	97
465984	104
465985	99
465986	111
465987	110
465988	104
465989	99
465990	100
465991	94
465992	83
465993	77
465994	60
465995	53
465996	47
465997	43
465998	45
465999	43
466000	42
466001	44
466002	49
466003	51
466004	66
466005	75
466006	91
466007	102
466008	100
466009	103
466010	104
466011	100
466012	106
466013	101
466014	100
466015	92
466016	90
466017	76
466018	58
466019	55
466020	51
466021	44
466022	43
466023	43
466024	43
466025	45
466026	51
466027	55
466028	61
466029	71
466030	93
466031	91
466032	102
466033	103
466034	105
466035	97
466036	103
466037	101
466038	91
466039	91
466040	87
466041	81
466042	60
466043	58
466044	47
466045	41
466046	41
466047	45
466048	45
466049	43
466050	51
466051	51
466052	67
466053	80
466054	96
466055	107
466056	109
466057	103
466058	116
466059	104
466060	115
466061	100
466062	105
466063	94
466064	90
466065	88
466066	66
466067	58
466068	52
466069	48
466070	51
466071	50
466072	51
466073	48
466074	56
466075	60
466076	67
466077	82
466078	105
466079	112
466080	113
466081	111
466082	113
466083	119
466084	109
466085	106
466086	108
466087	99
466088	92
466089	83
466090	70
466091	61
466092	56
466093	46
466094	51
466095	48
466096	47
466097	47
466098	56
466099	57
466100	66
466101	79
466102	97
466103	105
466104	118
466105	118
466106	123
466107	111
466108	119
466109	114
466110	102
466111	99
466112	93
466113	89
466114	68
466115	61
466116	52
466117	49
466118	46
466119	48
466120	48
466121	50
466122	49
466123	58
466124	71
466125	78
466126	101
466127	106
466128	111
466129	115
466130	121
466131	113
466132	111
466133	107
466134	105
466135	103
466136	96
466137	82
466138	71
466139	60
466140	50
466141	49
466142	46
466143	47
466144	45
466145	47
466146	50
466147	60
466148	62
466149	76
466150	101
466151	103
466152	108
466153	102
466154	105
466155	104
466156	108
466157	100
466158	95
466159	95
466160	88
466161	77
466162	64
466163	56
466164	50
466165	44
466166	45
466167	42
466168	41
466169	43
466170	51
466171	53
466172	63
466173	79
466174	91
466175	96
466176	109
466177	103
466178	114
466179	101
466180	111
466181	100
466182	103
466183	95
466184	90
466185	80
466186	67
466187	57
466188	49
466189	42
466190	43
466191	47
466192	46
466193	47
466194	47
466195	56
466196	61
466197	75
466198	89
466199	94
466200	104
466201	107
466202	115
466203	114
466204	108
466205	105
466206	95
466207	96
466208	94
466209	81
466210	62
466211	56
466212	50
466213	46
466214	44
466215	45
466216	47
466217	48
466218	47
466219	54
466220	64
466221	76
466222	103
466223	106
466224	107
466225	112
466226	121
466227	114
466228	119
466229	114
466230	107
466231	105
466232	98
466233	82
466234	69
466235	68
466236	57
466237	48
466238	50
466239	48
466240	53
466241	50
466242	54
466243	65
466244	70
466245	83
466246	107
466247	110
466248	114
466249	114
466250	119
466251	118
466252	122
466253	111
466254	113
466255	103
466256	102
466257	88
466258	72
466259	68
466260	57
466261	49
466262	46
466263	50
466264	48
466265	52
466266	57
466267	64
466268	76
466269	80
466270	107
466271	107
466272	109
466273	117
466274	125
466275	115
466276	113
466277	106
466278	113
466279	108
466280	96
466281	88
466282	68
466283	65
466284	54
466285	48
466286	46
466287	47
466288	48
466289	47
466290	54
466291	63
466292	70
466293	82
466294	96
466295	106
466296	105
466297	113
466298	123
466299	115
466300	117
466301	113
466302	105
466303	97
466304	92
466305	84
466306	68
466307	63
466308	50
466309	46
466310	49
466311	46
466312	45
466313	46
466314	49
466315	54
466316	66
466317	75
466318	91
466319	102
466320	112
466321	105
466322	111
466323	102
466324	104
466325	97
466326	100
466327	96
466328	92
466329	77
466330	61
466331	61
466332	47
466333	46
466334	45
466335	45
466336	42
466337	47
466338	49
466339	51
466340	62
466341	75
466342	90
466343	93
466344	108
466345	109
466346	109
466347	101
466348	110
466349	96
466350	97
466351	98
466352	85
466353	74
466354	65
466355	55
466356	53
466357	45
466358	45
466359	46
466360	47
466361	46
466362	48
466363	56
466364	61
466365	75
466366	93
466367	98
466368	99
466369	99
466370	106
466371	108
466372	102
466373	105
466374	102
466375	91
466376	83
466377	76
466378	66
466379	58
466380	49
466381	41
466382	41
466383	43
466384	42
466385	47
466386	47
466387	53
466388	69
466389	79
466390	89
466391	99
466392	112
466393	108
466394	107
466395	110
466396	104
466397	109
466398	105
466399	98
466400	93
466401	89
466402	68
466403	63
466404	54
466405	50
466406	49
466407	50
466408	50
466409	46
466410	52
466411	57
466412	66
466413	80
466414	105
466415	114
466416	108
466417	109
466418	117
466419	110
466420	119
466421	109
466422	113
466423	98
466424	101
466425	81
466426	70
466427	60
466428	54
466429	51
466430	49
466431	49
466432	45
466433	50
466434	52
466435	62
466436	72
466437	79
466438	99
466439	100
466440	113
466441	115
466442	119
466443	107
466444	109
466445	113
466446	100
466447	95
466448	89
466449	85
466450	64
466451	64
466452	56
466453	49
466454	47
466455	46
466456	48
466457	49
466458	54
466459	58
466460	68
466461	83
466462	95
466463	107
466464	111
466465	110
466466	109
466467	110
466468	113
466469	100
466470	98
466471	91
466472	85
466473	86
466474	67
466475	56
466476	55
466477	42
466478	46
466479	47
466480	46
466481	42
466482	49
466483	56
466484	60
466485	72
466486	95
466487	97
466488	102
466489	102
466490	112
466491	99
466492	104
466493	103
466494	93
466495	95
466496	79
466497	80
466498	60
466499	57
466500	49
466501	43
466502	39
466503	42
466504	42
466505	45
466506	45
466507	54
466508	63
466509	70
466510	87
466511	88
466512	99
466513	104
466514	97
466515	103
466516	100
466517	99
466518	98
466519	86
466520	78
466521	79
466522	59
466523	56
466524	49
466525	44
466526	42
466527	40
466528	40
466529	43
466530	44
466531	49
466532	58
466533	73
466534	88
466535	99
466536	101
466537	102
466538	101
466539	96
466540	103
466541	95
466542	89
466543	93
466544	81
466545	70
466546	56
466547	51
466548	45
466549	43
466550	40
466551	41
466552	43
466553	42
466554	45
466555	55
466556	61
466557	74
466558	91
466559	96
466560	100
466561	110
466562	112
466563	109
466564	107
466565	97
466566	97
466567	100
466568	91
466569	78
466570	64
466571	60
466572	53
466573	46
466574	49
466575	47
466576	44
466577	45
466578	53
466579	56
466580	66
466581	83
466582	101
466583	100
466584	107
466585	115
466586	119
466587	105
466588	114
466589	113
466590	100
466591	100
466592	97
466593	88
466594	62
466595	59
466596	53
466597	48
466598	47
466599	48
466600	47
466601	47
466602	49
466603	58
466604	64
466605	74
466606	97
466607	109
466608	101
466609	110
466610	118
466611	107
466612	109
466613	112
466614	105
466615	97
466616	89
466617	86
466618	65
466619	61
466620	50
466621	45
466622	45
466623	47
466624	44
466625	49
466626	50
466627	58
466628	68
466629	79
466630	100
466631	100
466632	98
466633	105
466634	107
466635	110
466636	105
466637	101
466638	103
466639	92
466640	87
466641	80
466642	61
466643	61
466644	48
466645	44
466646	45
466647	42
466648	45
466649	45
466650	51
466651	50
466652	64
466653	72
466654	95
466655	95
466656	98
466657	97
466658	111
466659	107
466660	95
466661	101
466662	92
466663	91
466664	83
466665	73
466666	58
466667	55
466668	46
466669	42
466670	44
466671	41
466672	45
466673	40
466674	44
466675	49
466676	59
466677	74
466678	93
466679	95
466680	100
466681	96
466682	105
466683	99
466684	104
466685	97
466686	96
466687	93
466688	89
466689	74
466690	61
466691	52
466692	49
466693	42
466694	41
466695	42
466696	40
466697	42
466698	48
466699	51
466700	60
466701	69
466702	83
466703	90
466704	94
466705	108
466706	97
466707	104
466708	94
466709	96
466710	98
466711	94
466712	82
466713	80
466714	61
466715	55
466716	50
466717	41
466718	43
466719	43
466720	41
466721	42
466722	46
466723	51
466724	65
466725	75
466726	94
466727	103
466728	100
466729	113
466730	109
466731	105
466732	111
466733	111
466734	103
466735	97
466736	96
466737	86
466738	70
466739	58
466740	56
466741	48
466742	46
466743	46
466744	47
466745	46
466746	49
466747	59
466748	72
466749	85
466750	97
466751	99
466752	109
466753	119
466754	110
466755	119
466756	105
466757	102
466758	99
466759	106
466760	88
466761	79
466762	66
466763	60
466764	50
466765	47
466766	48
466767	48
466768	44
466769	45
466770	52
466771	57
466772	67
466773	84
466774	101
466775	110
466776	102
466777	110
466778	120
466779	119
466780	111
466781	104
466782	99
466783	96
466784	93
466785	83
466786	69
466787	62
466788	53
466789	43
466790	43
466791	43
466792	44
466793	47
466794	52
466795	57
466796	67
466797	77
466798	98
466799	96
466800	105
466801	116
466802	109
466803	111
466804	109
466805	101
466806	97
466807	100
466808	90
466809	85
466810	68
466811	54
466812	49
466813	45
466814	42
466815	42
466816	43
466817	45
466818	49
466819	54
466820	64
466821	78
466822	96
466823	91
466824	99
466825	108
466826	110
466827	106
466828	106
466829	93
466830	93
466831	87
466832	89
466833	76
466834	64
466835	52
466836	49
466837	41
466838	42
466839	40
466840	40
466841	40
466842	47
466843	53
466844	63
466845	76
466846	85
466847	98
466848	99
466849	104
466850	106
466851	101
466852	101
466853	93
466854	96
466855	85
466856	88
466857	75
466858	62
466859	56
466860	48
466861	44
466862	42
466863	44
466864	44
466865	43
466866	46
466867	55
466868	62
466869	75
466870	88
466871	97
466872	101
466873	105
466874	103
466875	103
466876	95
466877	102
466878	92
466879	90
466880	82
466881	78
466882	61
466883	57
